{
  "info" : {
    "title" : "Address",
    "version" : "0.0.1",
    "baseUri" : "http://example.org/"
  },
  "definitions" : {
    "Address" : {
      "required" : [ ],
      "pii" : [ ],
      "elementRangeIndex" : [ ],
      "rangeIndex" : [ ],
      "wordLexicon" : [ ],
      "properties" : {
        "Street" : {
          "datatype" : "string",
          "collation" : "http://marklogic.com/collation/codepoint"
        },
        "City" : {
          "datatype" : "string",
          "collation" : "http://marklogic.com/collation/codepoint"
        },
        "Zip" : {
          "datatype" : "string",
          "collation" : "http://marklogic.com/collation/codepoint"
        },
        "Country" : {
          "datatype" : "string",
          "collation" : "http://marklogic.com/collation/codepoint"
        }
      }
    }
  }
}