{
  "info" : {
    "title" : "Customer",
    "version" : "0.0.1",
    "baseUri" : "http://example.org/"
  },
  "definitions" : {
    "Address" : {
      "required" : [ ],
      "pii" : [ ],
      "elementRangeIndex" : [ ],
      "rangeIndex" : [ ],
      "wordLexicon" : [ ],
      "properties" : {
      }
    },
    "Customer" : {
      "required" : [ ],
      "pii" : [ ],
      "elementRangeIndex" : [ "ID" ],
      "rangeIndex" : [ ],
      "wordLexicon" : [ ],
      "properties" : {
        "Firstname" : {
          "datatype" : "string",
          "collation" : "http://marklogic.com/collation/codepoint"
        },
        "Lastname" : {
          "datatype" : "string",
          "collation" : "http://marklogic.com/collation/codepoint"
        },
        "DateOfBirth" : {
          "datatype" : "date"
        },
        "EMail" : {
          "datatype" : "string",
          "collation" : "http://marklogic.com/collation/codepoint"
        },
        "ID" : {
          "datatype" : "string",
          "collation" : "http://marklogic.com/collation/codepoint"
        },
        "Phone" : {
          "datatype" : "string",
          "collation" : "http://marklogic.com/collation/codepoint"
        },
        "Gender" : {
          "datatype" : "string",
          "collation" : "http://marklogic.com/collation/codepoint"
        },
        "HomeAddress" : {
          "$ref" : "#/definitions/Address"
        }
      }
    }
  }
}
