{
  "name" : "sample-ingest-flow",
  "description" : "",
  "batchSize" : 100,
  "threadCount" : 4,
  "stopOnError" : false,
  "options" : { },
  "version" : 0,
  "steps" : {
    "1" : {
      "name" : "sample-ingest-step",
      "description" : "",
      "options" : {
        "additionalCollections" : [ ],
        "headers" : {
          "sources" : [ {
            "name" : "sample-ingest-flow"
          } ],
          "createdOn" : "currentDateTime",
          "createdBy" : "currentUser"
        },
        "sourceQuery" : "cts.collectionQuery([])",
        "collections" : [ "sample-ingest-step" ],
        "permissions" : "rest-reader,read,rest-writer,update",
        "outputFormat" : "json",
        "targetDatabase" : "data-hub-STAGING"
      },
      "customHook" : { },
      "retryLimit" : 0,
      "batchSize" : 0,
      "threadCount" : 0,
      "stepDefinitionName" : "default-ingestion",
      "stepDefinitionType" : "INGESTION",
      "fileLocations" : {
        "inputFilePath" : "/Users/smitrovi/MarkLogic/dev/visual-programming-plugin/dhf/data",
        "inputFileType" : "csv",
        "outputURIReplacement" : "",
        "separator" : ","
      },
      "mappingStep" : false,
      "customStep" : false,
      "mappingName" : null
    },
    "2" : {
      "name" : "vpp-step",
      "description" : "",
      "options" : {
        "additionalCollections" : [ ],
        "sourceQuery" : "cts.collectionQuery([\"sample-ingest-step\"])",
        "targetEntity" : "Customer",
        "collections" : [ "vpp-step", "Customer" ],
        "sourceDatabase" : "data-hub-STAGING",
        "sourceCollection" : "sample-ingest-step",
        "outputFormat" : "json",
        "targetDatabase" : "data-hub-FINAL"
      },
      "customHook" : null,
      "retryLimit" : 0,
      "batchSize" : 0,
      "threadCount" : 0,
      "stepDefinitionName" : "vpp-step",
      "stepDefinitionType" : "CUSTOM",
      "modulePath" : "/custom-modules/custom/vpp-step/main.sjs",
      "mappingStep" : false,
      "customStep" : true,
      "mappingName" : null
    }
  }
}