{
  "language" : "zxx",
  "name" : "vpp-step",
  "description" : "",
  "type" : "CUSTOM",
  "version" : 1,
  "options" : {
    "additionalCollections" : [ ],
    "sourceQuery" : "cts.collectionQuery([\"sample-ingest-step\"])",
    "targetEntity" : "Customer",
    "collections" : [ "vpp-step", "Customer" ],
    "sourceDatabase" : "data-hub-STAGING",
    "sourceCollection" : "sample-ingest-step",
    "outputFormat" : "json",
    "targetDatabase" : "data-hub-FINAL"
  },
  "customHook" : { },
  "modulePath" : "/custom-modules/custom/vpp-step/main.sjs",
  "retryLimit" : 0,
  "batchSize" : 100,
  "threadCount" : 4
}